{"cameraMode":{"drawMode":0,"name":"Shaded","section":"Shading Mode"},"sceneLighting":true,"audioPlay":false,"sceneViewState":{"m_AlwaysRefresh":false,"showFog":true,"showSkybox":true,"showFlares":true,"showImageEffects":true,"showParticleSystems":true,"showVisualEffectGraphs":true,"m_FxEnabled":true},"in2DMode":false,"pivot":{"x":-16.174440383911134,"y":2.9871349334716799,"z":1.524444580078125},"rotation":{"x":0.24817389249801637,"y":0.015742765739560128,"z":-0.00406898558139801,"w":0.9686681628227234},"size":2.4142212867736818,"orthographic":false}